,Unnamed: 0,Unnamed: 0.1,Composer,clusters,Number_of_Pitches,Number_of_Common_Pitches,Range,Dominant_Spread,Strong_Tonal_Centres,Pitch_Variability,Pitch_Skewness,Pitch_Kurtosis,Most_Common_Melodic_Interval,Amount_of_Arpeggiation,Repeated_Notes,Chromatic_Motion,Stepwise_Motion,Direction_of_Melodic_Motion,Average_Length_of_Melodic_Arcs,Average_Interval_Spanned_by_Melodic_Arcs,Melodic_Pitch_Variety,Vertical_Dissonance_Ratio,Non-Standard_Chords,Complex_Chords,Initial_Time_Signature_0,Initial_Time_Signature_1,Metrical_Diversity,Mean_Rhythmic_Value,Rhythmic_Value_Variability,Complete_Rests_Fraction,Rhythmic_Variability_-_Tempo_Standardized,Polyrhythms_-_Tempo_Standardized,Note_Density,Note_Density_Variability,Strongest_Rhythmic_Pulse,Rhythmic_Variability,Polyrhythms,Number_of_Pitched_Instruments,Voice_Equality_-_Number_of_Notes,Parallel_Motion,Similar_Motion,Contrary_Motion,Oblique_Motion,Average_Note_to_Note_Change_in_Dynamics
0,0,/Users/huanzhang/01Acdemics/College/2020Spring/10701_IntroToML/Project/New Data Selection/buxtehude_(c)contributors-kunstderfuge/buxwv136_(c)maclean.mid,5.0,1,39.0,1.0,45.0,6.0,2.0,7.798999999999999,-0.4619,5.818,2.0,0.2048,0.07542,0.2637,0.7120000000000001,0.527,1.802,4.37,4.7189999999999985,0.1048,0.269,0.001383,4.0,4.0,2.0,0.6022,0.6136,0.03775,0.02433,0.3,10.32,3.9,46.0,0.03377,0.6,3.0,198.3,0.052410000000000005,0.1234,0.1775,0.6467,0.07873
1,1,/Users/huanzhang/01Acdemics/College/2020Spring/10701_IntroToML/Project/New Data Selection/buxtehude_(c)contributors-kunstderfuge/buxwv137_(c)mccoy.mid,5.0,1,40.0,0.0,48.0,6.0,2.0,10.95,-0.4296,5.1160000000000005,2.0,0.3745,0.07644,0.1927,0.5161,0.5446,1.548,5.306,4.683,0.1221,0.2789,0.001338,4.0,4.0,2.0,0.6374,0.6351,0.04483,0.02287,0.2,9.368,3.507,53.0,0.025480000000000003,0.25,8.0,302.1,0.06334,0.1919,0.1484,0.5963,0.0
2,2,/Users/huanzhang/01Acdemics/College/2020Spring/10701_IntroToML/Project/New Data Selection/buxtehude_(c)contributors-kunstderfuge/buxwv137_(fenske).mid,5.0,1,83.0,0.0,103.0,6.0,2.0,23.45,-0.1481,5.41,2.0,0.3413,0.07207000000000001,0.1961,0.5402,0.5551,1.659,5.494,4.58,0.2567,0.6438,0.5281,4.0,4.0,2.0,0.6319,0.6221,0.04142,0.0226,0.2,23.27,8.352,53.0,0.02517,0.25,5.0,289.4,0.2068,0.1524,0.1173,0.5235,0.0
3,3,/Users/huanzhang/01Acdemics/College/2020Spring/10701_IntroToML/Project/New Data Selection/buxtehude_(c)contributors-kunstderfuge/buxwv137_(mccloskey).mid,5.0,1,40.0,1.0,48.0,6.0,2.0,9.942,-0.6082,5.8039999999999985,2.0,0.3502,0.07492,0.1892,0.5516,0.4229,1.696,5.563,4.57,0.1246,0.2252,0.0,4.0,4.0,2.0,0.5421,0.5409,0.1148,0.02425,0.2,7.646,2.775,52.0,0.02711,0.25,3.0,400.6,0.06905,0.1808,0.1387,0.6115,0.0
4,4,/Users/huanzhang/01Acdemics/College/2020Spring/10701_IntroToML/Project/New Data Selection/buxtehude_(c)contributors-kunstderfuge/buxwv139_(c)mccoy.mid,5.0,1,42.0,0.0,45.0,7.0,2.0,9.419,-0.2435,5.5120000000000005,2.0,0.4366,0.04837,0.1037,0.2815,0.4876,1.4269999999999998,10.44,5.502999999999999,0.1383,0.2353,0.03192,4.0,4.0,1.0,0.6664,1.169,0.09982,0.007201000000000002,0.0625,7.207000000000002,3.585,41.0,0.007301999999999999,0.3889,9.0,558.8,0.04042,0.2321,0.07811,0.6494,0.0
5,5,/Users/huanzhang/01Acdemics/College/2020Spring/10701_IntroToML/Project/New Data Selection/buxtehude_(c)contributors-kunstderfuge/buxwv139_(luquet).mid,5.0,0,41.0,0.0,45.0,7.0,2.0,8.783,-0.4797,5.757999999999999,2.0,0.3798,0.07289,0.1669,0.4391,0.4576,1.795,7.495,4.9430000000000005,0.12,0.2021,0.01869,4.0,4.0,1.0,0.6065,0.8044,0.01031,0.02435,0.2,6.021,2.85,72.0,0.03173,0.3333,2.0,0.0,0.03945,0.1102,0.1195,0.7309,0.004488000000000001
6,6,/Users/huanzhang/01Acdemics/College/2020Spring/10701_IntroToML/Project/New Data Selection/buxtehude_(c)contributors-kunstderfuge/buxwv140_(c)maclean.mid,5.0,0,45.0,0.0,48.0,7.0,3.0,9.082,-0.5363,5.822,2.0,0.2993,0.07245,0.2516,0.5983,0.5122,1.681,5.54,5.029,0.07873,0.1886,0.002577,4.0,4.0,2.0,0.5832,0.736,0.06791,0.02285,0.3,12.32,6.239,77.0,0.02969,0.3333,2.0,133.8,0.0844,0.1404,0.1284,0.6468,0.0925
7,7,/Users/huanzhang/01Acdemics/College/2020Spring/10701_IntroToML/Project/New Data Selection/buxtehude_(c)contributors-kunstderfuge/buxwv141_(c)maclean.mid,5.0,0,40.0,1.0,43.0,7.0,2.0,8.593,-0.1557,5.5379999999999985,2.0,0.2201,0.03777,0.2722,0.6845,0.5093,1.591,3.99,4.854,0.111,0.2301,0.002694,4.0,4.0,2.0,0.6423,0.7498,0.0597,0.02335,0.2,8.059,4.449,74.0,0.029910000000000006,0.3333,3.0,111.4,0.03447,0.1104,0.1061,0.7490000000000001,0.0799
8,8,/Users/huanzhang/01Acdemics/College/2020Spring/10701_IntroToML/Project/New Data Selection/buxtehude_(c)contributors-kunstderfuge/buxwv142_(c)maclean.mid,5.0,1,45.0,0.0,46.0,4.0,2.0,8.926,-0.3492,5.537000000000001,2.0,0.3221,0.07297000000000001,0.2809,0.5762,0.5072,1.59,4.949,5.176,0.1645,0.285,0.0016829999999999998,4.0,4.0,3.0,0.7819,0.8277,0.05439,0.0271,0.6,6.894,3.085,51.0,0.03024,0.5,1.0,328.9,0.04645,0.1172,0.1393,0.6970000000000001,0.1184
9,9,/Users/huanzhang/01Acdemics/College/2020Spring/10701_IntroToML/Project/New Data Selection/buxtehude_(c)contributors-kunstderfuge/buxwv143_(mccloskey).mid,5.0,0,36.0,3.0,44.0,4.0,2.0,9.566,-0.3339,5.8870000000000005,2.0,0.3622,0.1811,0.2755,0.5651,0.4953,1.554,4.341,3.815,0.1519,0.1734,0.0,4.0,2.0,1.0,0.9391,0.9099,0.01325,0.0348,0.4,5.436,2.623,63.0,0.0348,0.4,1.0,97.53,0.09005,0.1327,0.1359,0.6414,0.0
10,10,/Users/huanzhang/01Acdemics/College/2020Spring/10701_IntroToML/Project/New Data Selection/buxtehude_(c)contributors-kunstderfuge/buxwv143_(unknown).mid,5.0,0,60.0,0.0,67.0,4.0,1.0,14.43,-0.5874,5.905,2.0,0.3779,0.06079,0.1074,0.2381,0.5771,2.505,27.0,4.84,0.0999,0.1581,0.0,4.0,4.0,2.0,0.6588,0.7988,0.05295,0.028010000000000004,0.6,9.145,3.906,52.0,0.03114,0.5,1.0,0.0,0.1451,0.1012,0.1089,0.6449,0.0
11,11,/Users/huanzhang/01Acdemics/College/2020Spring/10701_IntroToML/Project/New Data Selection/buxtehude_(c)contributors-kunstderfuge/buxwv144_(mccloskey).mid,5.0,0,30.0,2.0,43.0,6.0,2.0,8.293,-0.331,5.749,2.0,0.2716,0.05038,0.2075,0.6012,0.4883,1.479,4.202,5.1370000000000005,0.1099,0.1979,0.0,4.0,2.0,1.0,1.06,0.8935,0.00463,0.034789999999999995,0.4,6.165,1.709,68.0,0.03477,0.4,1.0,52.96,0.03869,0.1265,0.1734,0.6615,0.0
12,12,/Users/huanzhang/01Acdemics/College/2020Spring/10701_IntroToML/Project/New Data Selection/buxtehude_(c)contributors-kunstderfuge/buxwv145_(c)maclean.mid,5.0,0,43.0,0.0,48.0,6.0,2.0,10.41,-0.1988,5.147,2.0,0.3167,0.07153999999999999,0.206,0.601,0.5045,1.3430000000000002,3.909,4.25,0.12,0.2309,0.003753,4.0,4.0,2.0,0.5797,0.8723,0.059420000000000014,0.02428,0.4,7.06,2.537,73.0,0.03175,0.3333,3.0,153.6,0.02436,0.1286,0.1337,0.7134,0.01101
13,13,/Users/huanzhang/01Acdemics/College/2020Spring/10701_IntroToML/Project/New Data Selection/buxtehude_(c)contributors-kunstderfuge/buxwv145_(c)mccoy.mid,5.0,1,51.0,0.0,60.0,7.0,2.0,9.59,-0.3887,6.19,2.0,0.3343,0.02011,0.1506,0.4808,0.4996,1.6669999999999998,8.495,4.734,0.1104,0.2175,0.005872,4.0,4.0,1.0,0.4898,0.7697,0.07109,0.0215,0.3,15.0,6.198,187.0,0.02424,0.125,7.0,454.6,0.1044,0.17,0.103,0.6226,0.0
14,14,/Users/huanzhang/01Acdemics/College/2020Spring/10701_IntroToML/Project/New Data Selection/buxtehude_(c)contributors-kunstderfuge/buxwv146_(c)maclean.mid,5.0,1,41.0,0.0,45.0,6.0,2.0,9.137,0.02448,5.2810000000000015,2.0,0.3084,0.09653,0.2511,0.5888,0.5162,1.436,4.398,4.062,0.1481,0.2727,0.0075299999999999985,4.0,4.0,1.0,0.5820000000000001,0.8296,0.09675,0.02367,0.2,9.222,5.109,41.0,0.02868,0.4286,4.0,295.3,0.07586,0.08692000000000001,0.1189,0.7184,0.2389
15,15,/Users/huanzhang/01Acdemics/College/2020Spring/10701_IntroToML/Project/New Data Selection/buxtehude_(c)contributors-kunstderfuge/buxwv147_(c)maclean.mid,5.0,0,31.0,1.0,47.0,7.0,2.0,8.702,-0.5522,5.875,2.0,0.2251,0.02922,0.2709,0.6454,0.4815,1.5590000000000002,4.302,5.061,0.1023,0.2422,0.002573,4.0,4.0,1.0,1.009,1.084,0.055720000000000006,0.02858,0.4,6.549,3.948,76.0,0.03639,0.6667,3.0,79.98,0.03525,0.123,0.1598,0.682,0.02031
16,16,/Users/huanzhang/01Acdemics/College/2020Spring/10701_IntroToML/Project/New Data Selection/buxtehude_(c)contributors-kunstderfuge/buxwv148_(c)maclean.mid,5.0,1,44.0,1.0,46.0,6.0,2.0,8.96,-0.4768,5.55,2.0,0.2932,0.08843,0.2588,0.5993,0.5076,1.53,4.394,4.936,0.1169,0.2676,0.00105,4.0,4.0,2.0,0.9836,1.351,0.0322,0.02429,0.3,7.069,4.419,85.0,0.02919,0.2857,4.0,209.3,0.04917,0.1322,0.1308,0.6879,0.1113
17,17,/Users/huanzhang/01Acdemics/College/2020Spring/10701_IntroToML/Project/New Data Selection/buxtehude_(c)contributors-kunstderfuge/buxwv149_(c)maclean.mid,5.0,1,46.0,0.0,48.0,4.0,2.0,9.708,-0.5103,5.34,2.0,0.262,0.08819,0.2583,0.6406,0.5188,1.63,4.574,4.513,0.109,0.2602,0.0008172,12.0,8.0,3.0,1.148,1.393,0.07264,0.02565,0.2,7.711,3.688,70.0,0.02328,0.1667,5.0,336.0,0.07502,0.1122,0.08521000000000001,0.7276,0.1539
18,18,/Users/huanzhang/01Acdemics/College/2020Spring/10701_IntroToML/Project/New Data Selection/buxtehude_(c)contributors-kunstderfuge/buxwv150_(c)maclean.mid,5.0,0,42.0,0.0,46.0,4.0,2.0,9.089,-0.2108,5.3820000000000014,2.0,0.3437,0.06169,0.2092,0.5047,0.4942,1.398,4.567,4.883,0.07427,0.1712,0.001895,4.0,4.0,3.0,0.8227,0.6961,0.06838999999999999,0.02864,0.4,9.867,5.6320000000000014,55.0,0.03057,0.5,4.0,169.1,0.06799,0.1331,0.1709,0.628,0.2844
19,19,/Users/huanzhang/01Acdemics/College/2020Spring/10701_IntroToML/Project/New Data Selection/buxtehude_(c)contributors-kunstderfuge/buxwv151_(c)maclean.mid,5.0,0,39.0,0.0,44.0,7.0,2.0,8.857999999999997,0.05027,5.369,2.0,0.3354,0.07781,0.2167,0.5078,0.513,1.483,5.309,4.325,0.1203,0.2209,1.073e-05,4.0,4.0,1.0,0.6227,0.763,0.06077000000000001,0.02254,0.2,9.541,4.769,73.0,0.02926,0.3333,3.0,131.7,0.03363,0.09362,0.09015,0.7826,0.04188
20,20,/Users/huanzhang/01Acdemics/College/2020Spring/10701_IntroToML/Project/New Data Selection/buxtehude_(c)contributors-kunstderfuge/buxwv152_(c)maclean.mid,5.0,0,42.0,1.0,45.0,6.0,2.0,8.847999999999997,-0.4842,5.591,2.0,0.1513,0.0242,0.3097,0.7725,0.4977,2.05,5.194,5.6370000000000005,0.117,0.3021,0.0,4.0,4.0,3.0,0.895,0.9552,0.02362,0.02668,0.3333,7.449,3.179,72.0,0.0342,0.5,2.0,76.34,0.05685,0.09815,0.1822,0.6628,0.1437
21,21,/Users/huanzhang/01Acdemics/College/2020Spring/10701_IntroToML/Project/New Data Selection/buxtehude_(c)contributors-kunstderfuge/buxwv153_(c)maclean.mid,5.0,1,42.0,1.0,45.0,4.0,1.0,9.337,-0.3015,5.605,2.0,0.3087,0.1268,0.2792,0.5844,0.5103,1.659,4.7360000000000015,4.68,0.1044,0.232,0.0003612,4.0,4.0,3.0,0.6338,0.804,0.06551,0.0247,0.2,11.71,5.992000000000001,54.0,0.02766,0.25,3.0,206.0,0.09667,0.1154,0.1486,0.6393,0.1649
22,22,/Users/huanzhang/01Acdemics/College/2020Spring/10701_IntroToML/Project/New Data Selection/buxtehude_(c)contributors-kunstderfuge/buxwv154_(c)maclean.mid,5.0,0,26.0,2.0,40.0,7.0,2.0,8.517999999999999,-0.2996,5.7639999999999985,2.0,0.1925,0.02804,0.2355,0.6916,0.4846,1.469,3.98,4.356,0.09859,0.1483,0.0,4.0,4.0,1.0,0.3785,0.321,0.2059,0.02425,0.3,7.4129999999999985,3.642,73.0,0.031810000000000005,0.3333,2.0,72.52,0.1125,0.2813,0.1662,0.4399,0.0
23,23,/Users/huanzhang/01Acdemics/College/2020Spring/10701_IntroToML/Project/New Data Selection/buxtehude_(c)contributors-kunstderfuge/buxwv155_(c)maclean.mid,5.0,1,43.0,0.0,46.0,6.0,2.0,9.212,-0.2991,5.497000000000001,2.0,0.4203,0.08928,0.2051,0.4366,0.506,1.5419999999999998,5.556,4.732,0.1083,0.2103,0.008705,4.0,4.0,2.0,0.6593,0.807,0.062179999999999985,0.02287,0.4,7.129,2.978,81.0,0.027860000000000003,0.2857,3.0,194.6,0.03607,0.1119,0.09836,0.7536,0.1314
24,24,/Users/huanzhang/01Acdemics/College/2020Spring/10701_IntroToML/Project/New Data Selection/buxtehude_(c)contributors-kunstderfuge/buxwv156_(c)maclean.mid,5.0,0,45.0,1.0,48.0,7.0,2.0,8.494,-0.416,6.2410000000000005,2.0,0.3506,0.09764,0.2057,0.5281,0.4838,1.62,5.433,4.749,0.1016,0.2317,0.0,4.0,4.0,3.0,0.6349,0.9427,0.06267,0.02361,0.3,9.784,4.994,79.0,0.02874,0.2857,3.0,153.3,0.04112,0.1151,0.08338,0.7604,0.06665
25,25,/Users/huanzhang/01Acdemics/College/2020Spring/10701_IntroToML/Project/New Data Selection/buxtehude_(c)contributors-kunstderfuge/buxwv156_(c)mccoy.mid,5.0,1,52.0,1.0,60.0,7.0,2.0,8.986,-0.4112,7.256,2.0,0.452,0.01734,0.1235,0.2993,0.4783,1.813,10.43,5.521,0.1181,0.2258,0.001036,4.0,4.0,4.0,0.5355,0.8506,0.0538,0.0232,0.4,9.54,5.5139999999999985,92.0,0.02621,0.375,17.0,289.4,0.05759,0.1295,0.0929,0.72,0.0
26,26,/Users/huanzhang/01Acdemics/College/2020Spring/10701_IntroToML/Project/New Data Selection/buxtehude_(c)contributors-kunstderfuge/buxwv157_(c)mccoy.mid,5.0,0,35.0,3.0,48.0,3.0,2.0,7.777,-0.2686,5.9670000000000005,2.0,0.3672,0.05889,0.179,0.4007,0.6086,1.6909999999999998,6.981,3.207,0.1081,0.2311,0.05685,4.0,4.0,1.0,0.7176,1.092,0.0183,0.021730000000000003,0.3,10.71,3.8,87.0,0.02647,0.2857,4.0,166.3,0.02358,0.07901,0.05425,0.8432,0.07318999999999999
27,27,/Users/huanzhang/01Acdemics/College/2020Spring/10701_IntroToML/Project/New Data Selection/buxtehude_(c)contributors-kunstderfuge/buxwv157_(fenske).mid,5.0,1,81.0,0.0,103.0,6.0,2.0,17.14,-0.002929,5.917999999999998,2.0,0.3928,0.1103,0.1657,0.4241,0.6287,1.883,7.455,3.861,0.1607,0.4976,0.3269,4.0,4.0,1.0,0.6229,0.8331,0.01704,0.02402,0.3,23.58,7.912000000000001,89.0,0.027260000000000003,0.25,5.0,395.2,0.1647,0.1271,0.07135,0.6369,0.04487
28,28,/Users/huanzhang/01Acdemics/College/2020Spring/10701_IntroToML/Project/New Data Selection/buxtehude_(c)contributors-kunstderfuge/buxwv158_(c)maclean.mid,5.0,0,36.0,0.0,43.0,6.0,3.0,8.401,-0.2914,5.69,2.0,0.2437,0.0463,0.2887,0.6695,0.4916,1.642,4.317,5.214,0.1315,0.2104,0.003533,4.0,4.0,2.0,0.7232,0.7101,0.05341,0.02674,0.2,7.023,2.909,51.0,0.02997,0.25,1.0,175.4,0.05073,0.1212,0.1815,0.6466,0.012819999999999998
29,29,/Users/huanzhang/01Acdemics/College/2020Spring/10701_IntroToML/Project/New Data Selection/buxtehude_(c)contributors-kunstderfuge/buxwv159_(c)maclean.mid,5.0,1,37.0,0.0,48.0,4.0,3.0,9.185,-0.2806,5.33,2.0,0.2654,0.07586,0.2888,0.6314,0.5069,1.663,4.72,4.9030000000000005,0.09771,0.2451,0.005124,4.0,4.0,3.0,0.6472,0.6514,0.05907,0.02424,0.4,10.05,4.9460000000000015,82.0,0.02913,0.4286,4.0,180.0,0.06742000000000001,0.1122,0.1583,0.6621,0.2156
30,30,/Users/huanzhang/01Acdemics/College/2020Spring/10701_IntroToML/Project/New Data Selection/buxtehude_(c)contributors-kunstderfuge/buxwv160_(c)maclean.mid,5.0,1,39.0,0.0,43.0,4.0,2.0,9.169,-0.7337,5.242000000000001,2.0,0.3182,0.07365,0.2534,0.5887,0.4885,1.604,4.535,4.962,0.1387,0.2954,0.0,3.0,4.0,1.0,0.6274,0.6069,0.02122,0.02499,0.4,6.255,1.949,64.0,0.03556,0.4,2.0,269.0,0.06224,0.1022,0.1628,0.6727,0.01896
31,31,/Users/huanzhang/01Acdemics/College/2020Spring/10701_IntroToML/Project/New Data Selection/buxtehude_(c)contributors-kunstderfuge/buxwv161_(c)mccoy.mid,5.0,1,40.0,1.0,44.0,6.0,2.0,9.268,-0.7128,5.604,2.0,0.2582,0.004520000000000001,0.1582,0.4667,0.4904,1.536,9.261,5.079,0.1201,0.3427,0.002868,3.0,2.0,1.0,1.533,1.587,0.006755,0.03367,0.4,7.462999999999999,3.192,66.0,0.03308,0.4,8.0,184.9,0.0394,0.07792,0.1108,0.7718,0.0
32,32,/Users/huanzhang/01Acdemics/College/2020Spring/10701_IntroToML/Project/New Data Selection/buxtehude_(c)contributors-kunstderfuge/buxwv161_(mccloskey).mid,5.0,1,40.0,1.0,44.0,3.0,2.0,9.502,-0.1229,5.73,2.0,0.3292,0.1584,0.2252,0.5787,0.4806,1.61,5.332999999999998,4.194,0.14400000000000002,0.3301,0.0,3.0,2.0,1.0,1.334,1.171,0.005376,0.03271,0.4,5.169,1.737,57.0,0.03614,0.5,1.0,205.7,0.03953,0.08726,0.1219,0.7513,0.0
33,33,/Users/huanzhang/01Acdemics/College/2020Spring/10701_IntroToML/Project/New Data Selection/buxtehude_(c)contributors-kunstderfuge/buxwv164_(c)maclean.mid,5.0,0,35.0,1.0,46.0,6.0,3.0,7.911,0.01093,5.806,2.0,0.2814,0.04881,0.2399,0.6085,0.5022,1.825,5.086,4.555,0.168,0.2389,0.0,4.0,4.0,1.0,0.4687,0.7461,0.06964,0.02162,0.2,4.805,2.002,62.0,0.03108,0.4,1.0,115.5,0.0354,0.1125,0.07332000000000001,0.7788,0.0
34,34,/Users/huanzhang/01Acdemics/College/2020Spring/10701_IntroToML/Project/New Data Selection/buxtehude_(c)contributors-kunstderfuge/buxwv171_(c)mccoy.mid,5.0,0,29.0,0.0,39.0,6.0,2.0,7.956,-0.1633,5.372999999999998,2.0,0.4559,0.156,0.08591,0.2758,0.4920000000000001,2.295,16.93,5.165,0.0833,0.1926,0.0,4.0,4.0,2.0,0.3702,0.4654,0.16699999999999998,0.02368,0.3,20.15,11.56,192.0,0.02662,0.5,5.0,123.1,0.05766,0.2405,0.1993,0.5025,0.0
35,35,/Users/huanzhang/01Acdemics/College/2020Spring/10701_IntroToML/Project/New Data Selection/buxtehude_(c)contributors-kunstderfuge/buxwv174_(c)mccoy.mid,5.0,1,39.0,1.0,48.0,6.0,2.0,9.612,-0.2266,5.558,2.0,0.4632,0.08045,0.1199,0.3007,0.524,1.641,7.4929999999999986,4.414,0.08435,0.1548,0.0,12.0,8.0,1.0,0.8119,0.6986,0.1119,0.03484,0.6,22.31,6.204,69.0,0.02725,0.25,6.0,296.4,0.04377,0.1365,0.1565,0.6632,0.0
36,36,/Users/huanzhang/01Acdemics/College/2020Spring/10701_IntroToML/Project/New Data Selection/buxtehude_(c)contributors-kunstderfuge/buxwv174_(cooke).mid,5.0,1,47.0,0.0,60.0,7.0,2.0,12.12,-0.7271,5.5870000000000015,2.0,0.45,0.08201,0.1237,0.3083,0.5215,1.642,7.147,4.498,0.09805,0.1569,0.0,12.0,8.0,2.0,0.9097,0.7303,0.03607,0.03492,0.6,10.67,2.2230000000000003,71.0,0.03883,0.25,7.0,305.6,0.1439,0.1372,0.1263,0.5926,0.02162
37,37,/Users/huanzhang/01Acdemics/College/2020Spring/10701_IntroToML/Project/New Data Selection/buxtehude_(c)contributors-kunstderfuge/buxwv177_(mccloskey).mid,5.0,0,36.0,0.0,44.0,5.0,1.0,9.573,-0.2151,5.675,2.0,0.2791,0.09884,0.2485,0.6439,0.5306,1.896,4.982,4.747,0.1142,0.264,0.0,4.0,2.0,1.0,1.764,1.365,0.0,0.03705,0.4,4.668,1.104,68.0,0.03697,0.4,1.0,114.3,0.0467,0.0696,0.131,0.7527,0.0
38,38,/Users/huanzhang/01Acdemics/College/2020Spring/10701_IntroToML/Project/New Data Selection/buxtehude_(c)contributors-kunstderfuge/buxwv178_(mccloskey).mid,5.0,0,35.0,0.0,41.0,7.0,2.0,9.01,-0.3305,5.602,2.0,0.1412,0.04962,0.3263,0.7805,0.498,2.084,4.916,4.7330000000000005,0.1436,0.2337,0.002801,4.0,4.0,1.0,0.9015,0.8664,0.05265,0.02901,0.4,4.227,1.671,42.0,0.0339,0.75,4.0,9.179,0.04871,0.1232,0.1304,0.6977,0.0
39,39,/Users/huanzhang/01Acdemics/College/2020Spring/10701_IntroToML/Project/New Data Selection/buxtehude_(c)contributors-kunstderfuge/buxwv180_(mccloskey).mid,5.0,0,36.0,2.0,40.0,6.0,2.0,7.334,-0.3693,6.0120000000000005,2.0,0.2081,0.1074,0.2644,0.7020000000000001,0.4436,1.868,4.68,4.645,0.1324,0.1928,0.001212,4.0,4.0,1.0,0.7974,0.7643,0.03625,0.02895,0.6,4.479,1.081,77.0,0.03712,0.6667,3.0,90.8,0.0512,0.1129,0.1296,0.7064,0.0
40,40,/Users/huanzhang/01Acdemics/College/2020Spring/10701_IntroToML/Project/New Data Selection/buxtehude_(c)contributors-kunstderfuge/buxwv183_(mccloskey).mid,5.0,0,39.0,0.0,43.0,6.0,2.0,8.05,-0.1155,5.532,2.0,0.1856,0.07702,0.3182,0.7689,0.4993,2.071,4.705,4.773,0.124,0.2355,0.0,4.0,4.0,1.0,0.7045,0.7607,0.03461,0.02719,0.4,5.944,1.702,44.0,0.032010000000000004,0.75,5.0,53.08,0.052410000000000005,0.1551,0.1209,0.6717,0.0
41,41,/Users/huanzhang/01Acdemics/College/2020Spring/10701_IntroToML/Project/New Data Selection/buxtehude_(c)contributors-kunstderfuge/buxwv184_(c)mccoy.mid,5.0,0,37.0,1.0,47.0,6.0,3.0,8.957,-0.6343,6.398,2.0,0.2065,0.04672,0.2586,0.696,0.5021,1.703,4.815,4.396,0.1293,0.2802,0.0,4.0,4.0,1.0,0.7179,0.8779,0.002648,0.02033,0.2,7.732,3.128,68.0,0.02694,0.4,5.0,166.1,0.03751,0.08598,0.09636,0.7802,0.0
42,42,/Users/huanzhang/01Acdemics/College/2020Spring/10701_IntroToML/Project/New Data Selection/buxtehude_(c)contributors-kunstderfuge/buxwv184_(mccloskey).mid,5.0,0,37.0,1.0,47.0,6.0,2.0,8.407,-0.6756,6.412000000000001,2.0,0.2015,0.06142,0.3071,0.7371,0.5052,1.811,4.345,4.618,0.1491,0.2426,0.0,4.0,4.0,1.0,0.7163,0.7285,0.03508,0.025960000000000004,0.2,4.638,1.211,70.0,0.03361,0.3333,5.0,82.81,0.03915,0.1219,0.1228,0.7162,0.0
43,43,/Users/huanzhang/01Acdemics/College/2020Spring/10701_IntroToML/Project/New Data Selection/buxtehude_(c)contributors-kunstderfuge/buxwv185_(mccloskey).mid,5.0,0,31.0,1.0,40.0,7.0,2.0,8.796,-0.05985,5.595,2.0,0.1746,0.053520000000000005,0.2986,0.7634,0.506,1.836,4.049,4.09,0.1305,0.2326,0.0,4.0,4.0,1.0,0.7406,0.6037,0.04937,0.02599,0.6,4.085,1.214,65.0,0.03568,0.6667,2.0,24.66,0.02559,0.1122,0.1437,0.7185,0.0
44,44,/Users/huanzhang/01Acdemics/College/2020Spring/10701_IntroToML/Project/New Data Selection/buxtehude_(c)contributors-kunstderfuge/buxwv186_(mccloskey).mid,5.0,0,31.0,1.0,43.0,7.0,2.0,8.968,-0.6916,5.627999999999999,2.0,0.2283,0.08504,0.252,0.6772,0.4871,1.804,4.413,4.717,0.1056,0.1737,0.0,4.0,4.0,1.0,0.7347,0.8112,0.07376,0.02552,0.2,5.806,2.2880000000000003,49.0,0.02664,0.3333,3.0,53.48,0.04036,0.1927,0.1354,0.6315,0.0
45,45,/Users/huanzhang/01Acdemics/College/2020Spring/10701_IntroToML/Project/New Data Selection/buxtehude_(c)contributors-kunstderfuge/buxwv187_(mccloskey).mid,5.0,0,32.0,1.0,41.0,7.0,2.0,7.676,-0.09518,5.626,2.0,0.1967,0.09557,0.2853,0.759,0.4686,2.003,4.353,5.56,0.1308,0.2165,0.0,4.0,4.0,1.0,0.627,0.6246,0.03888,0.02532,0.2,4.03,1.301,55.0,0.04029,0.5,2.0,0.0,0.04783,0.1391,0.1391,0.6739,0.0
46,46,/Users/huanzhang/01Acdemics/College/2020Spring/10701_IntroToML/Project/New Data Selection/buxtehude_(c)contributors-kunstderfuge/buxwv188_(mccloskey).mid,5.0,1,41.0,1.0,48.0,6.0,2.0,8.779,0.2384,5.954,2.0,0.3105,0.09427,0.2455,0.5914,0.5123,1.733,5.433,4.975,0.1306,0.2192,0.0,4.0,2.0,1.0,1.332,0.9745,0.0001771,0.03589,0.4,6.5310000000000015,2.309,44.0,0.02847,0.375,1.0,305.6,0.04849,0.1393,0.1432,0.669,0.06489
47,47,/Users/huanzhang/01Acdemics/College/2020Spring/10701_IntroToML/Project/New Data Selection/buxtehude_(c)contributors-kunstderfuge/buxwv189_(mccloskey).mid,5.0,0,32.0,1.0,45.0,6.0,3.0,9.097,-0.5552,5.922999999999999,2.0,0.2399,0.06794,0.2569,0.6815,0.5285,1.837,4.8580000000000005,4.783,0.1071,0.1647,0.0,4.0,4.0,1.0,0.6714,0.7984,0.04819,0.02558,0.2,5.01,1.722,68.0,0.03545,0.4,5.0,36.29,0.02467,0.1464,0.1234,0.7056,0.0
48,48,/Users/huanzhang/01Acdemics/College/2020Spring/10701_IntroToML/Project/New Data Selection/buxtehude_(c)contributors-kunstderfuge/buxwv198_(mccloskey).mid,5.0,0,27.0,4.0,34.0,6.0,3.0,5.142,-0.6643,6.59,2.0,0.1849,0.09247,0.3312,0.7548,0.4763,1.954,4.255,4.21,0.1574,0.2752,0.0,4.0,2.0,1.0,1.2009999999999998,1.103,0.03846,0.03324,0.4,4.284,1.379,57.0,0.03678,0.5,1.0,108.9,0.0346,0.09226,0.1005,0.7727,0.0
49,49,/Users/huanzhang/01Acdemics/College/2020Spring/10701_IntroToML/Project/New Data Selection/buxtehude_(c)contributors-kunstderfuge/buxwv199_(mccloskey).mid,5.0,0,30.0,1.0,37.0,7.0,2.0,7.6320000000000014,-0.8333,5.7639999999999985,2.0,0.1613,0.08746,0.2711,0.7852,0.4995,2.041,4.441,4.657,0.1384,0.2614,0.0,4.0,2.0,1.0,1.521,1.162,0.001042,0.03549,0.6667,4.878,1.249,68.0,0.0349,0.6667,1.0,88.09,0.03966,0.09915,0.1296,0.7316,0.0
50,50,/Users/huanzhang/01Acdemics/College/2020Spring/10701_IntroToML/Project/New Data Selection/buxtehude_(c)contributors-kunstderfuge/buxwv200_(mccloskey).mid,5.0,0,36.0,1.0,45.0,7.0,2.0,8.699,-0.5444,5.995,2.0,0.1934,0.09898,0.2594,0.7327,0.4886,1.918,4.707,4.658,0.1146,0.208,0.0,4.0,2.0,1.0,1.709,1.314,0.004545,0.03572,0.4,4.984,1.538,75.0,0.03259,0.3333,1.0,58.21,0.04758,0.1115,0.1193,0.7215,0.0
51,51,/Users/huanzhang/01Acdemics/College/2020Spring/10701_IntroToML/Project/New Data Selection/buxtehude_(c)contributors-kunstderfuge/buxwv202_(mccloskey).mid,5.0,0,26.0,2.0,38.0,7.0,2.0,7.996,-0.161,5.707000000000002,2.0,0.2317,0.1079,0.2222,0.6857,0.5623,2.051,5.022,4.822,0.07929,0.1108,0.0,1.0,4.0,2.0,0.6979,0.7144,0.1234,0.02853,0.6,5.957999999999998,2.7230000000000003,99.0,0.02962,0.4,2.0,27.78,0.06404,0.1626,0.165,0.6084,0.0
52,52,/Users/huanzhang/01Acdemics/College/2020Spring/10701_IntroToML/Project/New Data Selection/buxtehude_(c)contributors-kunstderfuge/buxwv206_(mccloskey).mid,5.0,0,33.0,1.0,40.0,4.0,2.0,8.281,0.0008708,5.925,2.0,0.2257,0.1117,0.3107,0.7087,0.4863,2.0,4.497,4.543,0.1554,0.2646,0.0,4.0,2.0,1.0,1.82,1.3,0.0,0.03612,0.6667,4.453,1.113,75.0,0.033260000000000005,0.6667,1.0,31.8,0.04065,0.06341000000000001,0.1252,0.7707,0.0
53,53,/Users/huanzhang/01Acdemics/College/2020Spring/10701_IntroToML/Project/New Data Selection/buxtehude_(c)contributors-kunstderfuge/buxwv211_(mccloskey).mid,5.0,0,31.0,1.0,38.0,4.0,2.0,8.22,0.0,5.729,2.0,0.1682,0.05924,0.3009,0.7607,0.4861,1.796,4.032,4.314,0.1453,0.3156,0.0,4.0,2.0,1.0,1.381,1.012,0.02381,0.03462,0.4,5.283,2.239,63.0,0.03462,0.4,1.0,38.44,0.06827000000000001,0.09505,0.1499,0.6867,0.0
54,54,/Users/huanzhang/01Acdemics/College/2020Spring/10701_IntroToML/Project/New Data Selection/buxtehude_(c)contributors-kunstderfuge/buxwv217_(mccloskey).mid,5.0,0,26.0,2.0,38.0,6.0,2.0,7.312,-0.2267,5.822,2.0,0.2057,0.1135,0.2553,0.7589,0.464,1.923,4.177,4.408,0.141,0.2904,0.0,3.0,2.0,1.0,1.717,1.079,0.057970000000000015,0.04272,0.6667,5.147,2.127,75.0,0.04157,0.6667,1.0,12.87,0.06697,0.1062,0.1547,0.6721,0.0
55,55,/Users/huanzhang/01Acdemics/College/2020Spring/10701_IntroToML/Project/New Data Selection/buxtehude_(c)contributors-kunstderfuge/buxwv218_(mccloskey).mid,5.0,1,50.0,1.0,55.0,6.0,2.0,8.719,-0.4237,5.856,2.0,0.3409,0.1222,0.2519,0.5707,0.5358,1.5419999999999998,4.5760000000000005,4.502,0.1368,0.2408,0.0,3.0,2.0,1.0,1.143,1.047,0.007384,0.03348,0.4,4.99,1.596,57.0,0.03713,0.5,1.0,588.8,0.04415,0.09068,0.104,0.7611,0.1382
56,56,/Users/huanzhang/01Acdemics/College/2020Spring/10701_IntroToML/Project/New Data Selection/buxtehude_(c)contributors-kunstderfuge/buxwv220_(c)mccoy.mid,5.0,0,34.0,2.0,41.0,6.0,3.0,7.437,-0.05851,5.8610000000000015,2.0,0.3151,0.04697,0.2114,0.5401,0.5236,2.012,7.157,4.646,0.09713,0.2926,0.0,4.0,4.0,1.0,0.9134,0.9438,0.025,0.0281,0.6,5.457999999999998,1.849,60.0,0.03854,0.6667,4.0,67.61,0.0339,0.1158,0.1624,0.6879,0.0
57,57,/Users/huanzhang/01Acdemics/College/2020Spring/10701_IntroToML/Project/New Data Selection/buxtehude_(c)contributors-kunstderfuge/buxwv220_(mccloskey).mid,5.0,0,34.0,0.0,41.0,6.0,3.0,8.565,-0.1086,5.504,2.0,0.2823,0.1138,0.2823,0.6389,0.4864,1.808,4.5360000000000005,4.614,0.1223,0.2808,0.0,4.0,2.0,1.0,1.682,1.125,0.025,0.03867,0.6667,5.666,1.989,45.0,0.03168,0.75,1.0,28.74,0.03659,0.1052,0.154,0.7043,0.0
58,58,/Users/huanzhang/01Acdemics/College/2020Spring/10701_IntroToML/Project/New Data Selection/buxtehude_(c)contributors-kunstderfuge/buxwv221_(mccloskey).mid,5.0,0,43.0,0.0,48.0,6.0,2.0,8.652000000000001,-0.3795,5.898,2.0,0.2554,0.059779999999999986,0.2908,0.659,0.5332,1.85,5.38,5.3660000000000005,0.1673,0.2697,0.0,4.0,2.0,1.0,1.053,0.8652,0.03125,0.03465,0.6,6.022,1.6669999999999998,125.0,0.03465,0.2,1.0,61.57,0.06343,0.108,0.1417,0.6868,0.0
59,59,/Users/huanzhang/01Acdemics/College/2020Spring/10701_IntroToML/Project/New Data Selection/buxtehude_(c)contributors-kunstderfuge/buxwv222_(mccloskey).mid,5.0,0,32.0,1.0,39.0,3.0,2.0,8.566,-0.2408,5.59,2.0,0.2802,0.09816,0.2658,0.636,0.4875,1.764,4.316,4.526,0.09538,0.1911,0.0,4.0,2.0,1.0,2.241,1.269,0.034089999999999995,0.04354,1.0,4.505,1.528,49.0,0.03652,1.0,1.0,25.55,0.03443,0.1174,0.1643,0.6839,0.0
60,60,/Users/huanzhang/01Acdemics/College/2020Spring/10701_IntroToML/Project/New Data Selection/buxtehude_(c)contributors-kunstderfuge/buxwv223_(c)mccoy.mid,5.0,1,45.0,0.0,58.0,7.0,2.0,9.161,-0.324,5.659,2.0,0.3118,0.0066170000000000005,0.1724,0.4441,0.4788,2.132,13.63,5.316,0.1115,0.1901,0.0,6.0,4.0,5.0,0.862,1.125,0.1116,0.02976,0.6,8.488,3.864,50.0,0.026930000000000003,0.5,9.0,805.7,0.05679,0.1526,0.1334,0.6572,0.0
61,61,/Users/huanzhang/01Acdemics/College/2020Spring/10701_IntroToML/Project/New Data Selection/buxtehude_(c)contributors-kunstderfuge/buxwv224_(mccloskey).mid,5.0,0,32.0,2.0,38.0,6.0,2.0,7.747999999999998,-0.3035,5.91,2.0,0.1884,0.06991,0.2918,0.7447,0.5065,2.082,4.728,5.665,0.09978,0.1752,0.0,3.0,2.0,1.0,1.56,1.464,0.07321,0.04187,0.6667,4.961,1.467,96.0,0.034960000000000005,0.75,2.0,0.0,0.034230000000000003,0.1076,0.1589,0.6993,0.1411
62,62,/Users/huanzhang/01Acdemics/College/2020Spring/10701_IntroToML/Project/New Data Selection/buxtehude_(c)contributors-kunstderfuge/dies_sind_die_heiligen_(mccloskey).mid,5.0,0,21.0,4.0,26.0,6.0,1.0,5.707999999999998,0.1924,5.553,2.0,0.2123,0.1676,0.2793,0.6983,0.4832,2.258,4.864,4.401,0.1432,0.275,0.0,4.0,4.0,1.0,0.8743,0.4767,0.09091,0.03452,0.6,3.605,1.551,52.0,0.05555,1.0,1.0,7.411,0.06047,0.1163,0.1535,0.6698,0.0
63,63,/Users/huanzhang/01Acdemics/College/2020Spring/10701_IntroToML/Project/New Data Selection/buxtehude_(c)contributors-kunstderfuge/gelobet_seist_du_(mccloskey).mid,5.0,0,25.0,2.0,33.0,6.0,2.0,7.741,-0.5466,5.593,2.0,0.2722,0.1479,0.2249,0.645,0.5139,2.286,5.46,5.127000000000002,0.1131,0.2439,0.0,2.0,4.0,1.0,0.948,0.4415,0.06817999999999999,0.03816,0.6,5.308,2.08,81.0,0.04369,0.5,1.0,4.787,0.05019,0.2355,0.2201,0.4942,0.0
64,64,/Users/huanzhang/01Acdemics/College/2020Spring/10701_IntroToML/Project/New Data Selection/buxtehude_(c)contributors-kunstderfuge/lobt_gott_ihr_christen_(mccloskey).mid,5.0,0,24.0,2.0,33.0,6.0,2.0,7.262,0.2907,5.808,2.0,0.2811,0.1514,0.2432,0.6703,0.4522,2.379,5.5,4.4510000000000005,0.1312,0.2313,0.0,2.0,4.0,1.0,0.8466,0.5243,0.09091,0.034960000000000005,0.6,4.439,2.062,62.0,0.04622,0.6667,1.0,4.1930000000000005,0.07391,0.1652,0.1957,0.5652,0.0
65,65,/Users/huanzhang/01Acdemics/College/2020Spring/10701_IntroToML/Project/New Data Selection/buxtehude_(c)contributors-kunstderfuge/meine_seele_erhebt_(mccloskey).mid,5.0,0,29.0,4.0,38.0,6.0,2.0,9.172,-0.7231,5.591,2.0,0.3415,0.161,0.1902,0.5659,0.5291,2.072,5.735,5.134,0.1032,0.2159,0.0,4.0,4.0,1.0,1.694,1.011,0.04167,0.04555,0.6667,3.193,1.709,44.0,0.05587,1.0,1.0,4.787,0.08756,0.1659,0.212,0.5346,0.0
66,66,/Users/huanzhang/01Acdemics/College/2020Spring/10701_IntroToML/Project/New Data Selection/buxtehude_(c)contributors-kunstderfuge/o_mensch_bewein_(mccloskey).mid,5.0,0,32.0,1.0,36.0,6.0,2.0,8.132,-0.4572,5.5310000000000015,2.0,0.2478,0.1096,0.2588,0.6579,0.4754,1.99,5.083,5.049,0.1647,0.1875,0.0,4.0,4.0,1.0,0.8348,0.3572,0.0303,0.03389,0.6,4.027,0.8812,52.0,0.05463,1.0,1.0,12.03,0.035039999999999995,0.1802,0.2103,0.5745,0.0
67,67,/Users/huanzhang/01Acdemics/College/2020Spring/10701_IntroToML/Project/New Data Selection/buxtehude_(c)contributors-kunstderfuge/verleih_uns_frieden_(mccloskey).mid,5.0,0,31.0,0.0,39.0,6.0,2.0,8.102,-0.05235,5.3260000000000005,2.0,0.2411,0.1405,0.2579,0.6876,0.478,1.943,4.521,4.542,0.09881,0.1638,0.0,4.0,4.0,1.0,0.9761,0.7276,0.08202999999999999,0.03422,0.6,3.883,1.93,62.0,0.04537,0.6667,1.0,11.44,0.07028999999999999,0.1485,0.2507,0.5305,0.0
68,68,/Users/huanzhang/01Acdemics/College/2020Spring/10701_IntroToML/Project/New Data Selection/buxtehude_(c)contributors-kunstderfuge/wachet_auf_ruft_(mccloskey).mid,5.0,0,32.0,2.0,47.0,6.0,2.0,11.25,0.3131,5.613,2.0,0.3058,0.1439,0.205,0.5647,0.4832,1.967,5.372000000000001,5.034,0.1157,0.1894,0.0,4.0,4.0,1.0,1.872,0.9035,0.08333,0.0475,0.6667,3.133,0.7982,48.0,0.05778,1.0,1.0,8.386000000000001,0.03865,0.2222,0.2029,0.5362,0.0
69,69,/Users/huanzhang/01Acdemics/College/2020Spring/10701_IntroToML/Project/New Data Selection/buxtehude_(c)contributors-kunstderfuge/waer_gott_nicht_mit_uns_(mccloskey).mid,5.0,0,32.0,2.0,36.0,7.0,2.0,8.501,-0.4320000000000001,5.28,2.0,0.2007,0.07895,0.2763,0.7303,0.475,2.569,6.495,5.4460000000000015,0.1379,0.2237,0.0,4.0,4.0,1.0,0.7403,0.3124,0.05,0.03418,0.6,4.449,1.227,52.0,0.05476,1.0,1.0,5.292000000000002,0.05544,0.1992,0.2731,0.4723,0.0
70,70,/Users/huanzhang/01Acdemics/College/2020Spring/10701_IntroToML/Project/New Data Selection/buxtehude_(c)contributors-kunstderfuge/wenn_wir_in_hoechsten_(mccloskey).mid,5.0,0,24.0,2.0,31.0,6.0,2.0,7.63,-0.5314,5.518,2.0,0.264,0.1011,0.264,0.6629,0.4562,1.928,4.904,5.084,0.1294,0.2436,0.0,4.0,4.0,1.0,0.8571,0.5284,0.025,0.03383,0.6,3.337,0.7331,44.0,0.05295,1.0,1.0,7.141,0.04403,0.2201,0.217,0.5189,0.0
71,71,/Users/huanzhang/01Acdemics/College/2020Spring/10701_IntroToML/Project/New Data Selection/buxtehude_(c)contributors-kunstderfuge/wo_soll_ich_fliehen_hin_(mccloskey).mid,5.0,0,25.0,1.0,34.0,6.0,2.0,7.852,-0.07526000000000001,5.379,2.0,0.299,0.1804,0.232,0.6443,0.478,2.208,4.792,4.687,0.09346,0.1327,0.0,2.0,4.0,1.0,0.9899,0.5277,0.02,0.03799,0.75,3.762,0.9627,57.0,0.0621,1.0,1.0,6.351,0.08753999999999999,0.2155,0.2222,0.4747,0.0
0,0,/Users/huanzhang/01Acdemics/College/2020Spring/10701_IntroToML/Project/New Data Selection/faure_(c)contributors-kunstderfuge/barcarolle_101_(c)lefeldt.mid,6.0,0,65.0,0.0,76.0,4.0,2.0,12.84,0.0267,5.724,3.0,0.4056,0.0127,0.06261,0.1724,0.7059,2.584,25.31,7.081,0.246,0.3854,0.01332,1.0,8.0,2.0,0.8441,0.9081,0.009736,0.02496,0.3,7.5710000000000015,3.411,70.0,0.028010000000000004,0.25,1.0,0.0,0.047310000000000005,0.0803,0.08116,0.7912,8.812999999999997
1,1,/Users/huanzhang/01Acdemics/College/2020Spring/10701_IntroToML/Project/New Data Selection/faure_(c)contributors-kunstderfuge/barcarolle_104_2_(c)lefeldt.mid,6.0,0,65.0,0.0,69.0,4.0,2.0,12.02,-0.02017,5.979,5.0,0.4163,0.00375,0.045,0.1525,0.6374,1.875,16.3,5.955,0.2088,0.4165,0.002646,1.0,8.0,2.0,0.6791,0.5755,0.02802,0.02494,0.4,8.003,4.838,63.0,0.0279,0.375,1.0,0.0,0.02602,0.1516,0.060279999999999986,0.7621,9.881
2,2,/Users/huanzhang/01Acdemics/College/2020Spring/10701_IntroToML/Project/New Data Selection/faure_(c)contributors-kunstderfuge/barcarolle_105_(c)lefeldt.mid,6.0,0,70.0,0.0,85.0,3.0,1.0,12.32,-0.2106,5.952000000000001,10.0,0.4691,0.03011,0.0626,0.1204,0.5572,2.016,21.01,7.115,0.2132,0.3422,0.02364,1.0,8.0,2.0,0.6456,0.616,0.0116,0.02454,0.4,9.669,4.64,70.0,0.02759,0.25,1.0,0.0,0.04526,0.09579,0.03684,0.8221,9.587
3,3,/Users/huanzhang/01Acdemics/College/2020Spring/10701_IntroToML/Project/New Data Selection/faure_(c)contributors-kunstderfuge/barcarolle_105b_(c)lefeldt.mid,6.0,0,58.0,0.0,67.0,3.0,2.0,12.09,-0.2051,5.631,2.0,0.3858,0.02077,0.05027,0.1443,0.6987,2.113,20.81,5.797999999999999,0.2988,0.4942,0.007479,1.0,8.0,2.0,0.6829,0.5888,0.01293,0.02602,0.4,8.135,2.829,62.0,0.02919,0.375,1.0,0.0,0.042710000000000005,0.134,0.09671,0.7266,9.821
4,4,/Users/huanzhang/01Acdemics/College/2020Spring/10701_IntroToML/Project/New Data Selection/faure_(c)contributors-kunstderfuge/barcarolle_116_(c)lefeldt.mid,6.0,0,57.0,0.0,58.0,3.0,2.0,10.84,-0.2768,5.819,1.0,0.3033,0.02186,0.1858,0.3279,0.662,2.085,17.38,6.875,0.206,0.3232,0.001836,1.0,8.0,3.0,0.6522,0.5702,0.012819999999999998,0.02481,0.4,7.522,2.012,59.0,0.02975,0.4286,1.0,0.0,0.05535,0.07293999999999999,0.06932,0.8024,8.706
5,5,/Users/huanzhang/01Acdemics/College/2020Spring/10701_IntroToML/Project/New Data Selection/faure_(c)contributors-kunstderfuge/barcarolle_26_(c)lefeldt.mid,6.0,0,63.0,0.0,74.0,3.0,2.0,12.06,0.1059,5.9689999999999985,2.0,0.4145,0.01495,0.1124,0.3044,0.4505,2.247,13.6,6.367000000000001,0.2487,0.3166,0.06149,1.0,8.0,4.0,0.5772,0.4992,0.01455,0.0237,0.4,7.072,2.01,74.0,0.030760000000000006,0.3333,1.0,69.3,0.05272,0.1502,0.03781,0.7593,6.79
6,6,/Users/huanzhang/01Acdemics/College/2020Spring/10701_IntroToML/Project/New Data Selection/faure_(c)contributors-kunstderfuge/barcarolle_26_(c)oguri.mid,6.0,0,63.0,0.0,74.0,3.0,2.0,12.03,0.09958,5.988,4.0,0.3498,0.004202,0.04517,0.1208,0.4963,1.592,18.7,8.922,0.2165,0.2027,0.004985,4.0,4.0,1.0,0.5958,0.4867,0.1371,0.006558,0.2353,6.659,2.024,40.0,0.006558,0.2353,1.0,0.0,0.03918,0.3697,0.08234,0.5088,11.34
7,7,/Users/huanzhang/01Acdemics/College/2020Spring/10701_IntroToML/Project/New Data Selection/faure_(c)contributors-kunstderfuge/barcarolle_41_(c)lefeldt.mid,6.0,0,73.0,0.0,74.0,6.0,2.0,13.03,0.1593,5.726,2.0,0.3821,0.01888,0.0818,0.2152,0.6648,2.71,23.02,6.166,0.1788,0.3701,0.02684,1.0,8.0,7.0,0.6199,0.6349,0.03049,0.02118,0.4,9.186,3.469,62.0,0.02382,0.375,1.0,0.0,0.02789,0.09131,0.06935,0.8115,8.331
8,8,/Users/huanzhang/01Acdemics/College/2020Spring/10701_IntroToML/Project/New Data Selection/faure_(c)contributors-kunstderfuge/barcarolle_42_(c)lefeldt.mid,6.0,0,73.0,0.0,73.0,2.0,2.0,13.46,0.01522,5.737,2.0,0.3268,0.006568000000000001,0.1338,0.3321,0.6521,2.43,20.99,7.188,0.2539,0.4061,0.04149,6.0,8.0,4.0,0.4821,0.4963,0.04241,0.01502,0.4,7.184,3.506,43.0,0.02147,0.6,1.0,0.0,0.0314,0.1033,0.04998,0.8153,8.422
9,9,/Users/huanzhang/01Acdemics/College/2020Spring/10701_IntroToML/Project/New Data Selection/faure_(c)contributors-kunstderfuge/barcarolle_44_(c)lefeldt.mid,6.0,0,62.0,0.0,72.0,2.0,2.0,11.8,0.1189,5.7010000000000005,4.0,0.5061,0.013069999999999998,0.05322,0.1391,0.6793,3.324,26.93,6.098,0.2117,0.3518,0.04597,1.0,8.0,4.0,0.6914,0.7363,0.03527,0.02164,0.3,7.792999999999998,2.522,61.0,0.02458,0.375,1.0,0.0,0.03508,0.11,0.07428,0.7806,9.794
10,10,/Users/huanzhang/01Acdemics/College/2020Spring/10701_IntroToML/Project/New Data Selection/faure_(c)contributors-kunstderfuge/barcarolle_66_(c)lefeldt.mid,6.0,0,74.0,0.0,74.0,2.0,2.0,14.22,0.2509,5.757999999999999,4.0,0.4317,0.004975,0.03704,0.08900000000000001,0.6511,2.236,23.35,6.4670000000000005,0.2787,0.417,0.02506,1.0,8.0,5.0,0.6023,0.5474,0.013030000000000002,0.02542,0.4,8.437999999999999,3.313,88.0,0.03046,0.4286,1.0,0.0,0.05639,0.1259,0.08962,0.7281,10.02
11,11,/Users/huanzhang/01Acdemics/College/2020Spring/10701_IntroToML/Project/New Data Selection/faure_(c)contributors-kunstderfuge/barcarolle_70_(c)lefeldt.mid,6.0,0,68.0,0.0,73.0,3.0,1.0,12.85,0.1772,5.584,2.0,0.3537,0.01074,0.09752,0.2727,0.67,2.92,26.85,6.6720000000000015,0.304,0.37,0.03762,1.0,8.0,2.0,0.6376,0.7331,0.01245,0.02227,0.4,7.831,2.352,90.0,0.02511,0.375,1.0,0.0,0.03778,0.07758,0.067,0.8176,9.668
12,12,/Users/huanzhang/01Acdemics/College/2020Spring/10701_IntroToML/Project/New Data Selection/faure_(c)contributors-kunstderfuge/barcarolle_90_(c)lefeldt.mid,6.0,0,64.0,0.0,68.0,2.0,2.0,12.89,-0.07072,5.575,1.0,0.3655,0.01317,0.1065,0.1932,0.6719,2.583,24.7,7.629,0.2698,0.4402,0.03059,1.0,8.0,3.0,1.453,1.167,0.02764,0.03134,0.6,6.752999999999999,2.793,60.0,0.0241,0.375,1.0,0.0,0.03284,0.09421,0.0363,0.8366,9.128
13,13,/Users/huanzhang/01Acdemics/College/2020Spring/10701_IntroToML/Project/New Data Selection/faure_(c)contributors-kunstderfuge/barcarolle_96_(c)lefeldt.mid,6.0,0,68.0,0.0,76.0,3.0,2.0,11.88,0.04499,6.091,2.0,0.3651,0.0156,0.1037,0.2495,0.6701,2.656,24.29,6.882999999999999,0.2874,0.3828,0.01317,1.0,8.0,2.0,0.6399,0.5502,0.03737,0.02515,0.3,8.627,3.197,71.0,0.028260000000000007,0.25,1.0,0.0,0.08129,0.1235,0.06462000000000001,0.7306,9.268
14,14,/Users/huanzhang/01Acdemics/College/2020Spring/10701_IntroToML/Project/New Data Selection/faure_(c)contributors-kunstderfuge/cantique_jean_racine_(c)gray.mid,6.0,1,47.0,3.0,49.0,6.0,2.0,9.487,-0.6576,6.597,1.0,0.4833,0.1404,0.141,0.2743,0.4474,2.009,9.459,5.046,0.1672,0.2639,0.04,4.0,4.0,1.0,0.912,0.9202,0.0,0.028460000000000006,0.375,7.749,2.774,40.0,0.035910000000000004,0.6,3.0,355.3,0.1091,0.1364,0.1957,0.5588,1.616
15,15,/Users/huanzhang/01Acdemics/College/2020Spring/10701_IntroToML/Project/New Data Selection/faure_(c)contributors-kunstderfuge/dolly_suite_1_(c)halstead.mid,6.0,1,55.0,0.0,60.0,4.0,2.0,13.43,0.08298,5.261,7.0,0.5981,0.04019,0.05646,0.1923,0.4855,1.585,8.264,5.654,0.2712,0.414,0.09042,2.0,4.0,1.0,0.7187,0.4724,0.001954,0.02238,0.25,6.601,1.6780000000000002,56.0,0.03437,1.0,1.0,214.3,0.03418,0.1767,0.1107,0.6784,6.237
16,16,/Users/huanzhang/01Acdemics/College/2020Spring/10701_IntroToML/Project/New Data Selection/faure_(c)contributors-kunstderfuge/dolly_suite_1_(c)oguri.mid,6.0,1,54.0,0.0,60.0,4.0,2.0,13.3,0.2514,5.2860000000000005,12.0,0.5583,0.03198,0.02074,0.08297,0.4964,1.476,13.55,7.089,0.1559,0.2398,0.04012,4.0,4.0,1.0,1.127,0.7586,0.07468999999999999,0.009534,0.5,6.941,2.511,43.0,0.009534,0.5,1.0,222.0,0.03733,0.2967,0.0661,0.5998,13.42
17,17,/Users/huanzhang/01Acdemics/College/2020Spring/10701_IntroToML/Project/New Data Selection/faure_(c)contributors-kunstderfuge/dolly_suite_1_(c)yogore.mid,6.0,0,54.0,0.0,60.0,4.0,2.0,12.99,-0.02209,5.375,7.0,0.6117,0.04123,0.03452,0.162,0.433,1.6780000000000002,9.022,4.303,0.1819,0.2715,0.01592,2.0,4.0,1.0,0.5999,0.4397,0.0,0.02762,0.4,9.938,2.699,43.0,0.03271,0.75,1.0,112.1,0.053610000000000005,0.1721,0.1794,0.595,1.365
18,18,/Users/huanzhang/01Acdemics/College/2020Spring/10701_IntroToML/Project/New Data Selection/faure_(c)contributors-kunstderfuge/dolly_suite_2_(c)halstead.mid,6.0,0,70.0,0.0,75.0,6.0,2.0,14.54,0.09451,5.587999999999999,2.0,0.4661,0.07497999999999999,0.1319,0.2791,0.3887,2.376,12.76,4.427,0.2264,0.336,0.0901,3.0,4.0,1.0,0.9257,0.644,0.1314,0.03955,0.6667,12.34,3.878,100.0,0.02944,0.5,1.0,101.1,0.125,0.2151,0.171,0.489,4.55
19,19,/Users/huanzhang/01Acdemics/College/2020Spring/10701_IntroToML/Project/New Data Selection/faure_(c)contributors-kunstderfuge/dolly_suite_2_(c)oguri.mid,6.0,0,70.0,0.0,75.0,6.0,2.0,14.5,0.1483,5.621,12.0,0.5514,0.02905,0.037160000000000006,0.1007,0.4809,1.53,14.33,6.086,0.2451,0.29100000000000004,0.08241,4.0,4.0,1.0,0.3006,0.4446,0.375,0.007821,0.4,13.08,5.2410000000000005,41.0,0.007821,0.4,1.0,84.85,0.06869,0.4252,0.1034,0.4027,9.378
20,20,/Users/huanzhang/01Acdemics/College/2020Spring/10701_IntroToML/Project/New Data Selection/faure_(c)contributors-kunstderfuge/dolly_suite_2_(c)yogore.mid,6.0,1,73.0,0.0,77.0,6.0,2.0,14.83,0.1729,5.596,2.0,0.4477,0.07852,0.13,0.269,0.4065,1.99,12.22,4.25,0.1489,0.263,0.04972,3.0,4.0,2.0,0.652,0.7201,0.2962,0.039560000000000005,0.6667,14.43,4.902,78.0,0.03078,0.2,1.0,208.4,0.1609,0.173,0.1972,0.4689,2.282
21,21,/Users/huanzhang/01Acdemics/College/2020Spring/10701_IntroToML/Project/New Data Selection/faure_(c)contributors-kunstderfuge/dolly_suite_3_(c)halstead.mid,6.0,0,60.0,0.0,65.0,2.0,2.0,12.82,0.2266,5.516,2.0,0.3879,0.0339,0.1375,0.3578,0.5019,2.115,9.986,6.792999999999998,0.3272,0.4982,0.05624,3.0,4.0,1.0,0.6997,0.624,0.022,0.02069,0.4,6.697,1.617,58.0,0.02888,0.5,1.0,72.12,0.036910000000000005,0.2181,0.101,0.6439,3.91
22,22,/Users/huanzhang/01Acdemics/College/2020Spring/10701_IntroToML/Project/New Data Selection/faure_(c)contributors-kunstderfuge/dolly_suite_3_(c)oguri.mid,6.0,0,59.0,0.0,65.0,2.0,2.0,12.79,0.2472,5.528,12.0,0.5041,0.0189,0.0432,0.1512,0.5211,1.778,13.73,7.062,0.2594,0.4143,0.03073,4.0,4.0,1.0,1.088,0.9161,0.06642999999999999,0.007372,0.1538,6.848,2.291,40.0,0.007372,0.1538,1.0,67.18,0.03382,0.2514,0.05159,0.6632,10.54
23,23,/Users/huanzhang/01Acdemics/College/2020Spring/10701_IntroToML/Project/New Data Selection/faure_(c)contributors-kunstderfuge/dolly_suite_3_(c)yogore.mid,6.0,0,59.0,0.0,65.0,2.0,2.0,12.82,0.2248,5.51,2.0,0.408,0.03081,0.127,0.3455,0.5116,2.242,10.03,5.8260000000000005,0.1707,0.321,0.00321,3.0,4.0,2.0,0.5607,0.7003,0.00606,0.02449,0.3,7.386,1.97,64.0,0.03515,0.4,1.0,171.4,0.06752999999999999,0.1113,0.1464,0.6747,1.849
24,24,/Users/huanzhang/01Acdemics/College/2020Spring/10701_IntroToML/Project/New Data Selection/faure_(c)contributors-kunstderfuge/dolly_suite_4_(c)halstead.mid,6.0,0,60.0,0.0,66.0,3.0,2.0,13.81,0.04923,5.519,2.0,0.3063,0.02411,0.1955,0.5009,0.4657,2.854,11.9,6.689,0.2964,0.4164,0.0793,3.0,4.0,1.0,1.6369999999999998,1.021,0.01805,0.03887,0.6667,8.976,1.711,90.0,0.03119,0.6,1.0,122.3,0.07771,0.203,0.09827,0.6211,5.462999999999999
25,25,/Users/huanzhang/01Acdemics/College/2020Spring/10701_IntroToML/Project/New Data Selection/faure_(c)contributors-kunstderfuge/dolly_suite_4_(c)oguri.mid,6.0,0,60.0,0.0,66.0,3.0,2.0,13.82,0.04513,5.523,2.0,0.3953,0.0028190000000000003,0.1071,0.2713,0.5329,1.745,13.9,7.9060000000000015,0.2484,0.3628,0.04371,4.0,4.0,1.0,0.9016,0.7695,0.06774,0.007984,0.5,7.86,2.576,43.0,0.007984,0.5,1.0,123.0,0.0408,0.3032,0.06291000000000001,0.5931,9.417
26,26,/Users/huanzhang/01Acdemics/College/2020Spring/10701_IntroToML/Project/New Data Selection/faure_(c)contributors-kunstderfuge/dolly_suite_4_(c)yogore.mid,6.0,1,60.0,0.0,66.0,3.0,2.0,13.8,0.04032,5.5139999999999985,2.0,0.3294,0.02244,0.1741,0.4587,0.4637,2.55,13.5,5.908,0.1841,0.3053,0.003606,3.0,4.0,2.0,1.337,1.086,0.013369999999999998,0.03921,0.6667,9.995,1.608,99.0,0.02915,0.4,1.0,214.7,0.1052,0.05004,0.1026,0.7422,2.137
27,27,/Users/huanzhang/01Acdemics/College/2020Spring/10701_IntroToML/Project/New Data Selection/faure_(c)contributors-kunstderfuge/dolly_suite_5_(c)halstead.mid,6.0,1,60.0,0.0,64.0,3.0,2.0,12.56,-0.2986,5.707999999999998,2.0,0.3996,0.06585,0.1484,0.375,0.4253,1.929,10.53,6.352,0.3072,0.4797,0.0273,3.0,4.0,1.0,0.8667,0.6921,0.016909999999999998,0.026330000000000003,0.6,4.513,1.325,50.0,0.03954,1.0,1.0,247.5,0.04769,0.1083,0.1292,0.7148,5.239
28,28,/Users/huanzhang/01Acdemics/College/2020Spring/10701_IntroToML/Project/New Data Selection/faure_(c)contributors-kunstderfuge/dolly_suite_5_(c)oguri.mid,6.0,1,60.0,0.0,64.0,3.0,2.0,12.55,-0.2898,5.716,12.0,0.5287,0.01753,0.058420000000000014,0.1529,0.4836,1.531,14.08,6.8,0.2563,0.4225,0.02748,4.0,4.0,1.0,1.777,1.766,0.0485,0.007406999999999999,0.2,4.671,1.843,43.0,0.007406999999999999,0.2,1.0,246.8,0.03142,0.2556,0.04749,0.6655,10.6
29,29,/Users/huanzhang/01Acdemics/College/2020Spring/10701_IntroToML/Project/New Data Selection/faure_(c)contributors-kunstderfuge/dolly_suite_5_(c)yogore.mid,6.0,0,60.0,0.0,64.0,3.0,2.0,12.58,-0.2981,5.718,2.0,0.3869,0.08371,0.1425,0.371,0.4025,2.115,12.1,5.872999999999998,0.2282,0.4155,0.005215,3.0,4.0,1.0,0.8271,0.738,0.0,0.03053,0.4,6.372000000000001,1.617,70.0,0.039810000000000005,0.6667,1.0,112.9,0.09118,0.1006,0.1529,0.6553,1.957
30,30,/Users/huanzhang/01Acdemics/College/2020Spring/10701_IntroToML/Project/New Data Selection/faure_(c)contributors-kunstderfuge/dolly_suite_6_(c)halstead.mid,6.0,0,70.0,0.0,76.0,6.0,2.0,14.36,-0.4248,5.502999999999999,2.0,0.3056,0.03632,0.1496,0.4808,0.444,2.153,9.16,4.805,0.2406,0.4613,0.030080000000000006,3.0,8.0,1.0,0.4795,0.5668,0.01816,0.02433,0.3,16.69,5.8039999999999985,73.0,0.02572,0.2222,1.0,81.32,0.1602,0.1775,0.1227,0.5395,5.964
31,31,/Users/huanzhang/01Acdemics/College/2020Spring/10701_IntroToML/Project/New Data Selection/faure_(c)contributors-kunstderfuge/dolly_suite_6_(c)oguri.mid,6.0,0,71.0,0.0,79.0,6.0,2.0,14.19,-0.03992,5.56,2.0,0.4117,0.02075,0.05025,0.2162,0.4906,1.47,14.4,6.019,0.2892,0.4531,0.0205,4.0,4.0,1.0,0.3601,0.5155,0.1433,0.006895999999999999,0.2308,17.87,7.255,40.0,0.006895999999999999,0.2308,1.0,65.76,0.0737,0.2829,0.07038,0.573,9.984
32,32,/Users/huanzhang/01Acdemics/College/2020Spring/10701_IntroToML/Project/New Data Selection/faure_(c)contributors-kunstderfuge/dolly_suite_6_(c)yogore.mid,6.0,0,71.0,0.0,76.0,7.0,2.0,14.16,-0.2155,5.55,2.0,0.315,0.0317,0.1123,0.4704,0.4686,1.837,9.319,4.581,0.2241,0.4782,0.01325,3.0,8.0,1.0,0.4388,0.5476,0.05609,0.02351,0.3,21.39,6.5379999999999985,92.0,0.02136,0.3333,1.0,161.0,0.1686,0.1431,0.1111,0.5772,3.313
33,33,/Users/huanzhang/01Acdemics/College/2020Spring/10701_IntroToML/Project/New Data Selection/faure_(c)contributors-kunstderfuge/impromptu_1_(c)dery.mid,6.0,0,74.0,0.0,77.0,3.0,2.0,14.79,0.2269,5.5870000000000015,5.0,0.4743,0.03009,0.08009,0.1637,0.5871,1.858,12.31,6.403,0.2412,0.3173,0.001538,6.0,4.0,2.0,0.6435,0.3486,0.02175,0.03243,0.6,13.12,4.604,197.0,0.02399,0.1111,1.0,0.0,0.1245,0.3328,0.2496,0.2931,3.2230000000000003
34,34,/Users/huanzhang/01Acdemics/College/2020Spring/10701_IntroToML/Project/New Data Selection/faure_(c)contributors-kunstderfuge/impromptu_2_(c)dery.mid,6.0,0,69.0,0.0,81.0,2.0,2.0,14.15,0.4544,5.6179999999999986,2.0,0.3787,0.009248,0.1753,0.3817,0.5163,2.486,10.77,5.896,0.3487,0.2274,0.01214,2.0,4.0,3.0,0.406,0.4774,0.0654,0.022,0.375,11.78,3.479,69.0,0.02109,0.25,1.0,0.0,0.06448999999999999,0.2146,0.1749,0.5461,2.217
35,35,/Users/huanzhang/01Acdemics/College/2020Spring/10701_IntroToML/Project/New Data Selection/faure_(c)contributors-kunstderfuge/impromptu_3_(c)dery.mid,6.0,0,77.0,0.0,81.0,4.0,2.0,14.47,-0.04212,5.665,3.0,0.4887,0.01087,0.05525,0.2151,0.5435,2.0580000000000003,11.46,6.53,0.2621,0.2864,0.0,2.0,4.0,2.0,0.476,0.4208,0.02935,0.02342,0.2,9.501,2.8510000000000004,52.0,0.02644,0.25,1.0,0.0,0.07152,0.1833,0.2086,0.5366,2.492
36,36,/Users/huanzhang/01Acdemics/College/2020Spring/10701_IntroToML/Project/New Data Selection/faure_(c)contributors-kunstderfuge/impromptu_4_(c)dery.mid,6.0,0,66.0,0.0,72.0,3.0,2.0,11.79,0.05406,5.722,2.0,0.3867,0.03064,0.15,0.3111,0.5515,1.98,11.1,6.896,0.3959,0.3099,0.004579,2.0,4.0,2.0,0.4056,0.337,0.015069999999999997,0.01989,0.3,8.44,3.832,84.0,0.02443,0.4286,1.0,0.0,0.05878,0.277,0.1457,0.5185,3.097
37,37,/Users/huanzhang/01Acdemics/College/2020Spring/10701_IntroToML/Project/New Data Selection/faure_(c)contributors-kunstderfuge/impromptu_5_(c)dery.mid,6.0,0,71.0,0.0,72.0,6.0,3.0,11.98,0.1962,6.114,2.0,0.3382,0.01594,0.06999,0.4103,0.5415,2.857,14.02,8.238999999999999,0.3238,0.2349,0.0,2.0,4.0,1.0,0.4858,0.5253,0.03902,0.02265,0.2,12.67,1.987,42.0,0.01897,0.3571,1.0,0.0,0.02493,0.1381,0.04794,0.7891,2.344
38,38,/Users/huanzhang/01Acdemics/College/2020Spring/10701_IntroToML/Project/New Data Selection/faure_(c)contributors-kunstderfuge/nocturne_10_(c)dery.mid,6.0,0,63.0,0.0,65.0,3.0,2.0,10.68,0.1404,6.079,2.0,0.4341,0.02713,0.07267,0.1802,0.4821,1.612,12.45,5.738,0.2852,0.289,0.01623,4.0,4.0,1.0,0.6717,0.6084,0.01016,0.02566,0.2,5.3020000000000005,2.3280000000000003,65.0,0.03607,0.4,1.0,0.0,0.1838,0.2386,0.1324,0.4453,6.189
39,39,/Users/huanzhang/01Acdemics/College/2020Spring/10701_IntroToML/Project/New Data Selection/faure_(c)contributors-kunstderfuge/nocturne_11_(c)dery.mid,6.0,0,54.0,0.0,55.0,3.0,3.0,10.42,-0.3829,5.763,2.0,0.5461,0.07781,0.05764,0.1614,0.4547,1.675,11.57,5.043,0.2942,0.4092,0.0,3.0,4.0,1.0,0.7733,0.6184,0.0262,0.02939,0.6,5.43,2.6860000000000004,63.0,0.04011,0.6667,1.0,0.0,0.1123,0.1477,0.1241,0.6158,4.199
40,40,/Users/huanzhang/01Acdemics/College/2020Spring/10701_IntroToML/Project/New Data Selection/faure_(c)contributors-kunstderfuge/nocturne_12_(c)dery.mid,6.0,0,63.0,0.0,64.0,5.0,2.0,11.85,0.1865,5.569,2.0,0.4266,0.05779,0.1205,0.2682,0.4854,1.702,10.15,5.579,0.2309,0.4225,0.0,12.0,8.0,1.0,0.8207,0.8270000000000001,0.00456,0.0272,0.5714,9.108,4.016,74.0,0.02884,0.3333,1.0,0.0,0.06676,0.1097,0.0869,0.7366,4.188
41,41,/Users/huanzhang/01Acdemics/College/2020Spring/10701_IntroToML/Project/New Data Selection/faure_(c)contributors-kunstderfuge/nocturne_13_(c)dery.mid,6.0,0,74.0,0.0,75.0,3.0,2.0,11.85,0.1336,6.0310000000000015,2.0,0.4263,0.03639,0.1021,0.2774,0.5522,2.033,11.27,6.255,0.243,0.3129,0.004451,3.0,2.0,2.0,1.079,1.099,0.0106,0.026060000000000003,0.3,7.351,3.398,68.0,0.02591,0.2,1.0,0.0,0.09205,0.1537,0.08445,0.6698,3.749
42,42,/Users/huanzhang/01Acdemics/College/2020Spring/10701_IntroToML/Project/New Data Selection/faure_(c)contributors-kunstderfuge/nocturne_1_(c)dery.mid,6.0,0,70.0,0.0,77.0,2.0,2.0,13.12,-0.1478,5.767,2.0,0.3768,0.07692,0.1726,0.3534,0.4566,1.926,10.45,4.886,0.2018,0.3209,0.04757,3.0,4.0,2.0,0.5063,0.5238,0.01118,0.0207,0.4,6.155,1.642,53.0,0.03255,0.5,1.0,0.0,0.06742999999999999,0.1432,0.1006,0.6887,3.5
43,43,/Users/huanzhang/01Acdemics/College/2020Spring/10701_IntroToML/Project/New Data Selection/faure_(c)contributors-kunstderfuge/nocturne_2_(c)dery.mid,6.0,0,71.0,0.0,76.0,3.0,2.0,13.4,-0.02214,5.845,3.0,0.4531,0.03783,0.08183,0.2282,0.5231,2.229,13.67,5.949,0.232,0.1978,0.01155,4.0,4.0,3.0,0.2663,0.2763,0.037860000000000005,0.01731,0.2667,9.955,2.818,76.0,0.02266,0.2222,1.0,0.0,0.05923,0.1967,0.1026,0.6415,3.987
44,44,/Users/huanzhang/01Acdemics/College/2020Spring/10701_IntroToML/Project/New Data Selection/faure_(c)contributors-kunstderfuge/nocturne_3_(c)dery.mid,6.0,0,63.0,0.0,66.0,2.0,2.0,11.93,0.1447,5.9510000000000005,2.0,0.4562,0.01971,0.08175,0.2474,0.5205,1.884,11.67,6.122999999999998,0.2133,0.2526,0.009323,3.0,4.0,1.0,0.5227,0.657,0.02198,0.02207,0.3,6.979,2.043,82.0,0.02695,0.4286,1.0,0.0,0.05139,0.1484,0.07564,0.7246,2.049
45,45,/Users/huanzhang/01Acdemics/College/2020Spring/10701_IntroToML/Project/New Data Selection/faure_(c)contributors-kunstderfuge/nocturne_4_(c)dery.mid,6.0,0,68.0,0.0,70.0,6.0,2.0,11.92,0.1358,5.803,7.0,0.4926,0.01683,0.06782,0.1559,0.496,1.631,11.92,5.723,0.1991,0.335,0.02878,4.0,4.0,2.0,0.4959,0.6729999999999999,0.01424,0.02107,0.2,6.2970000000000015,2.19,56.0,0.03293,0.5,1.0,0.0,0.07672999999999999,0.1951,0.1307,0.5974,3.332
46,46,/Users/huanzhang/01Acdemics/College/2020Spring/10701_IntroToML/Project/New Data Selection/faure_(c)contributors-kunstderfuge/nocturne_5_(c)dery.mid,6.0,0,72.0,0.0,75.0,3.0,2.0,12.81,0.04182,5.9270000000000005,2.0,0.45,0.01823,0.07874,0.2219,0.4955,1.936,13.12,6.961,0.2672,0.4084,0.01641,3.0,4.0,3.0,0.6048,0.6741,0.052660000000000005,0.02128,0.2667,7.941,4.1,96.0,0.02392,0.3333,1.0,0.0,0.08548,0.1589,0.1261,0.6295,4.134
47,47,/Users/huanzhang/01Acdemics/College/2020Spring/10701_IntroToML/Project/New Data Selection/faure_(c)contributors-kunstderfuge/nocturne_6_(c)dery.mid,6.0,0,75.0,0.0,81.0,2.0,2.0,12.75,0.1593,5.7410000000000005,3.0,0.4692,0.02626,0.04989,0.1808,0.5474,1.889,12.62,6.296,0.2735,0.2795,0.01621,3.0,2.0,3.0,0.6397,0.7445,0.02934,0.02101,0.3,7.1560000000000015,2.986,47.0,0.02363,0.375,1.0,0.0,0.06362000000000001,0.1398,0.1346,0.662,3.748
48,48,/Users/huanzhang/01Acdemics/College/2020Spring/10701_IntroToML/Project/New Data Selection/faure_(c)contributors-kunstderfuge/nocturne_7_(c)dery.mid,6.0,0,82.0,0.0,81.0,5.0,1.0,12.93,0.1081,6.097,2.0,0.4037,0.03245,0.1214,0.3,0.5287,2.255,13.27,6.564,0.2557,0.3976,0.04795,18.0,8.0,4.0,0.8745,0.9328,0.01829,0.02501,0.6,7.249,2.92,69.0,0.02731,0.25,1.0,0.0,0.07225,0.13,0.1051,0.6927,3.342
49,49,/Users/huanzhang/01Acdemics/College/2020Spring/10701_IntroToML/Project/New Data Selection/faure_(c)contributors-kunstderfuge/nocturne_8_(c)dery.mid,6.0,0,62.0,0.0,72.0,3.0,2.0,12.34,-0.2272,5.449,2.0,0.3281,0.01451,0.115,0.4051,0.6025,2.426,11.69,6.2010000000000005,0.3441,0.4581,0.006129,12.0,8.0,1.0,0.6157,0.6451,0.04912,0.02449,0.3,7.65,2.445,59.0,0.0295,0.4286,1.0,0.0,0.0316,0.1185,0.09481,0.7551,3.767
50,50,/Users/huanzhang/01Acdemics/College/2020Spring/10701_IntroToML/Project/New Data Selection/faure_(c)contributors-kunstderfuge/nocturne_9_(c)dery.mid,6.0,0,58.0,0.0,57.0,3.0,3.0,11.02,-0.1229,5.8439999999999985,1.0,0.4809,0.06356,0.1186,0.2023,0.4966,1.596,10.69,5.275,0.2602,0.3431,0.02428,3.0,2.0,1.0,0.8668,0.7897,0.01312,0.03524,0.4,5.375,1.865,44.0,0.03961,0.5,1.0,0.0,0.07211000000000001,0.1954,0.1499,0.5825,3.9
51,51,/Users/huanzhang/01Acdemics/College/2020Spring/10701_IntroToML/Project/New Data Selection/faure_(c)contributors-kunstderfuge/prelude_103_1_(c)dery.mid,6.0,0,54.0,0.0,65.0,2.0,2.0,10.07,-0.1056,6.787000000000001,0.0,0.6648,0.2093,0.0198,0.04809,0.5045,1.187,12.11,5.674,0.3299,0.3505,0.03972,4.0,4.0,2.0,0.6483,0.6665,0.008276,0.02464,0.2,4.651,1.234,56.0,0.03966,0.5,1.0,0.0,0.09976,0.256,0.1671,0.4772,5.518
52,52,/Users/huanzhang/01Acdemics/College/2020Spring/10701_IntroToML/Project/New Data Selection/faure_(c)contributors-kunstderfuge/prelude_103_2_(c)dery.mid,6.0,0,48.0,0.0,51.0,3.0,2.0,10.2,-0.1466,6.0,2.0,0.1308,0.01327,0.2512,0.7555,0.4755,1.554,4.827,4.357,0.2895,0.4505,0.151,5.0,4.0,1.0,0.3533,0.7575,0.05069,0.01983,0.2667,12.56,5.98,46.0,0.01847,0.2941,1.0,0.0,0.3082,0.139,0.0997,0.4532,6.836
53,53,/Users/huanzhang/01Acdemics/College/2020Spring/10701_IntroToML/Project/New Data Selection/faure_(c)contributors-kunstderfuge/prelude_103_3_(c)dery.mid,6.0,0,56.0,0.0,56.0,2.0,2.0,10.15,0.114,5.92,7.0,0.5116,0.08113,0.06291000000000001,0.1308,0.5261,1.577,12.16,6.315,0.2592,0.2861,0.01618,9.0,8.0,1.0,1.142,0.9121,0.03906,0.02887,0.3333,4.618,2.033,75.0,0.03096,0.2,1.0,0.0,0.0566,0.2058,0.07376,0.6638,4.637
54,54,/Users/huanzhang/01Acdemics/College/2020Spring/10701_IntroToML/Project/New Data Selection/faure_(c)contributors-kunstderfuge/prelude_103_4_(c)dery.mid,6.0,0,55.0,0.0,64.0,2.0,2.0,10.94,-0.2956,5.983,2.0,0.375,0.0293,0.1309,0.3145,0.5372,1.934,10.47,6.023,0.2114,0.2517,0.006993000000000001,6.0,8.0,1.0,0.868,0.7479,0.009116,0.027610000000000003,0.5714,6.646,2.498,57.0,0.03261,0.6,1.0,0.0,0.08267000000000001,0.1384,0.1813,0.5976,3.967
55,55,/Users/huanzhang/01Acdemics/College/2020Spring/10701_IntroToML/Project/New Data Selection/faure_(c)contributors-kunstderfuge/prelude_103_5_(c)dery.mid,6.0,0,49.0,0.0,53.0,6.0,2.0,9.697,-0.2879,5.752000000000002,2.0,0.4733,0.04,0.064,0.2227,0.5556,1.756,10.18,6.29,0.2432,0.4535,0.01267,3.0,4.0,1.0,0.8415,0.7903,0.01341,0.0227,0.3,8.626,4.011,112.0,0.0233,0.2222,1.0,0.0,0.06209,0.2473,0.1754,0.5153,4.848
56,56,/Users/huanzhang/01Acdemics/College/2020Spring/10701_IntroToML/Project/New Data Selection/faure_(c)contributors-kunstderfuge/prelude_103_6_(c)dery.mid,6.0,0,50.0,0.0,60.0,7.0,2.0,11.91,-0.1748,4.99,2.0,0.2967,0.01179,0.1572,0.4617,0.4394,2.226,9.982,6.528,0.2229,0.5414,0.0,3.0,2.0,1.0,0.7677,0.6567,0.03338,0.03492,0.6,5.347,1.6569999999999998,82.0,0.03917,0.75,1.0,0.0,0.07891000000000001,0.2286,0.2558,0.4367,4.797
57,57,/Users/huanzhang/01Acdemics/College/2020Spring/10701_IntroToML/Project/New Data Selection/faure_(c)contributors-kunstderfuge/prelude_103_7_(c)dery.mid,6.0,0,58.0,0.0,62.0,3.0,2.0,10.33,-0.1497,6.023,4.0,0.5525,0.06675,0.02967,0.1038,0.5113,1.6030000000000002,10.71,5.175,0.3111,0.4605,0.03896,4.0,4.0,1.0,0.606,0.6282,0.02943,0.02422,0.3,6.7570000000000014,2.443,69.0,0.03169,0.3333,1.0,0.0,0.05263,0.2011,0.1579,0.5884,4.227
58,58,/Users/huanzhang/01Acdemics/College/2020Spring/10701_IntroToML/Project/New Data Selection/faure_(c)contributors-kunstderfuge/prelude_103_8_(c)dery.mid,6.0,0,47.0,0.0,50.0,2.0,2.0,8.5,0.1706,6.25,0.0,0.5503,0.328,0.08642000000000001,0.254,0.6168,2.268,13.64,3.943,0.248,0.3908,0.01002,3.0,4.0,1.0,0.5793,0.6913,0.211,0.035710000000000006,0.6,11.44,3.147,62.0,0.02805,0.375,1.0,0.0,0.0948,0.2141,0.1529,0.5382,2.295
59,59,/Users/huanzhang/01Acdemics/College/2020Spring/10701_IntroToML/Project/New Data Selection/faure_(c)contributors-kunstderfuge/prelude_103_9_(c)dery.mid,6.0,0,37.0,0.0,41.0,3.0,2.0,7.282,-0.08867,6.151,1.0,0.287,0.02115,0.2719,0.4985,0.5957,2.592,9.064,6.959,0.3669,0.5818,0.0,4.0,4.0,2.0,0.8582,0.5882,0.03725,0.02774,0.5,3.427,1.413,55.0,0.04428,0.6667,1.0,0.0,0.07567,0.138,0.06083,0.7255,5.1720000000000015
60,60,/Users/huanzhang/01Acdemics/College/2020Spring/10701_IntroToML/Project/New Data Selection/faure_(c)contributors-kunstderfuge/requiem_1_(c)siu.mid,6.0,0,51.0,1.0,51.0,2.0,2.0,9.93,-0.1844,5.8370000000000015,1.0,0.474,0.1209,0.1752,0.3284,0.4968,2.559,10.43,4.879,0.1054,0.3178,0.016659999999999998,1.0,4.0,2.0,1.29,1.143,0.03787,0.03664,0.4,8.443,6.377000000000002,60.0,0.04818,0.6667,8.0,124.6,0.1201,0.09933,0.1195,0.6611,5.084
61,61,/Users/huanzhang/01Acdemics/College/2020Spring/10701_IntroToML/Project/New Data Selection/faure_(c)contributors-kunstderfuge/requiem_2_(c)siu.mid,6.0,0,45.0,0.0,47.0,7.0,3.0,7.8679999999999986,-0.2652,6.104,1.0,0.3534,0.1323,0.2932,0.5558,0.4689,1.946,5.386,4.098,0.1711,0.2799,0.05849,1.0,4.0,3.0,0.8233,0.8866,0.03926,0.0312,0.6,8.43,5.062,53.0,0.05011,1.0,7.0,129.5,0.1142,0.1175,0.1573,0.6109,3.847
62,62,/Users/huanzhang/01Acdemics/College/2020Spring/10701_IntroToML/Project/New Data Selection/faure_(c)contributors-kunstderfuge/requiem_3_(c)siu.mid,6.0,1,56.0,4.0,64.0,2.0,2.0,8.467,-0.1996,7.492000000000001,4.0,0.5823,0.1188,0.04654,0.1958,0.5609,2.314,11.19,4.4830000000000005,0.1108,0.1971,0.04127,1.0,4.0,2.0,0.6959,1.331,0.03801,0.03044,0.6667,16.28,5.087,60.0,0.04372,1.0,8.0,271.8,0.04711,0.05124,0.02945,0.8722,1.129
63,63,/Users/huanzhang/01Acdemics/College/2020Spring/10701_IntroToML/Project/New Data Selection/faure_(c)contributors-kunstderfuge/requiem_4_(c)siu.mid,6.0,0,39.0,0.0,44.0,6.0,2.0,10.05,-0.5179,5.441,2.0,0.389,0.03036,0.1148,0.4658,0.4638,2.0,7.466,4.221,0.08899,0.1724,0.03995,1.0,4.0,2.0,1.078,1.063,0.07009,0.03559,0.4,6.926,5.055,49.0,0.05632,1.0,8.0,113.5,0.175,0.09031,0.2427,0.4920000000000001,1.671
64,64,/Users/huanzhang/01Acdemics/College/2020Spring/10701_IntroToML/Project/New Data Selection/faure_(c)contributors-kunstderfuge/requiem_5_(c)siu.mid,6.0,0,55.0,0.0,54.0,3.0,2.0,9.83,-0.2542,5.765,2.0,0.4978,0.139,0.125,0.3116,0.457,2.437,10.91,4.845,0.08183,0.2114,0.01132,1.0,4.0,3.0,1.096,1.074,0.02721,0.032060000000000005,0.6,11.0,6.734,56.0,0.05073,1.0,8.0,142.8,0.09788,0.09445,0.08413999999999999,0.7235,3.326
65,65,/Users/huanzhang/01Acdemics/College/2020Spring/10701_IntroToML/Project/New Data Selection/faure_(c)contributors-kunstderfuge/requiem_6_(c)siu.mid,6.0,1,47.0,2.0,46.0,3.0,2.0,9.624,-0.3523,5.559,0.0,0.5388,0.2915,0.1068,0.2537,0.4478,1.721,8.141,3.278,0.1619,0.3374,0.04229,1.0,4.0,3.0,1.431,1.878,0.02379,0.0325,0.6667,18.69,10.93,49.0,0.030910000000000007,0.6667,11.0,249.5,0.162,0.218,0.116,0.504,2.394
66,66,/Users/huanzhang/01Acdemics/College/2020Spring/10701_IntroToML/Project/New Data Selection/faure_(c)contributors-kunstderfuge/requiem_7_(c)siu.mid,6.0,0,50.0,2.0,59.0,2.0,2.0,10.48,-0.1709,5.981,5.0,0.481,0.1204,0.0636,0.2538,0.4758,1.934,8.001,4.004,0.1145,0.1995,0.06666,1.0,4.0,2.0,1.091,1.71,0.02831,0.02624,0.4,9.075,3.794,55.0,0.04172,0.5,8.0,133.2,0.07088,0.2147,0.04864,0.6657,1.58
67,67,/Users/huanzhang/01Acdemics/College/2020Spring/10701_IntroToML/Project/New Data Selection/faure_(c)contributors-kunstderfuge/theme_et_variationen_73_(c)lefeldt.mid,6.0,0,61.0,0.0,80.0,3.0,2.0,9.986,0.05451,6.343,2.0,0.3508,0.01868,0.1595,0.3449,0.3677,2.4930000000000003,14.58,5.723,0.1994,0.1861,0.002444,1.0,8.0,10.0,0.5171,0.4788,0.08501,0.023,0.4,3.707,2.306,66.0,0.03081,0.4,1.0,0.0,0.2093,0.1541,0.1016,0.5351,9.837
68,68,/Users/huanzhang/01Acdemics/College/2020Spring/10701_IntroToML/Project/New Data Selection/faure_(c)contributors-kunstderfuge/valse_caprice_1_(c)dery.mid,6.0,0,77.0,0.0,77.0,3.0,2.0,13.79,-0.05249,5.926,2.0,0.4157,0.01696,0.1314,0.284,0.5483,2.441,15.07,6.721,0.2427,0.314,0.002769,3.0,4.0,2.0,0.7831,0.6272,0.06762,0.03617,0.6,10.61,3.804,69.0,0.02841,0.25,1.0,0.0,0.1523,0.2164,0.1456,0.4858,2.875
69,69,/Users/huanzhang/01Acdemics/College/2020Spring/10701_IntroToML/Project/New Data Selection/faure_(c)contributors-kunstderfuge/valse_caprice_2_(c)dery.mid,6.0,0,72.0,0.0,74.0,4.0,2.0,13.07,0.008309,5.768,2.0,0.4339,0.04283,0.09775,0.2832,0.4883,1.965,12.47,5.6320000000000014,0.2109,0.3219,0.004829,3.0,4.0,4.0,0.8408,0.7302,0.06184,0.03622,0.6,9.397,3.668,61.0,0.0288,0.375,1.0,0.0,0.07426,0.1778,0.1548,0.5931,3.744
70,70,/Users/huanzhang/01Acdemics/College/2020Spring/10701_IntroToML/Project/New Data Selection/faure_(c)contributors-kunstderfuge/valse_caprice_3_(c)dery.mid,6.0,0,75.0,0.0,79.0,6.0,2.0,15.25,-0.1888,5.417000000000002,2.0,0.3814,0.02563,0.1343,0.3568,0.5324,2.224,12.38,6.466,0.2949,0.3577,0.02196,3.0,4.0,3.0,0.9785,1.058,0.05611,0.03237,0.6,7.747000000000001,3.457,60.0,0.025480000000000003,0.375,1.0,0.0,0.0565,0.1587,0.1216,0.6632,2.317
71,71,/Users/huanzhang/01Acdemics/College/2020Spring/10701_IntroToML/Project/New Data Selection/faure_(c)contributors-kunstderfuge/valse_caprice_4_(c)dery.mid,6.0,0,78.0,0.0,80.0,3.0,2.0,15.07,0.1682,5.48,2.0,0.4747,0.03344,0.0763,0.2276,0.525,2.079,12.65,6.641,0.3194,0.3605,0.007462999999999998,3.0,4.0,3.0,0.9829,1.012,0.05055,0.03517,0.6,8.993,2.705,63.0,0.02757,0.375,1.0,0.0,0.04624,0.1312,0.1301,0.6925,4.126
